<?xml version="1.0" ?>
<ram-component manifest-version="2.0.02" name="JDK" version="8" release="191" clevel="2" modelioVersion="4.0.00" provider="Update site">
  <description><![CDATA[<p>JDK 1.8.00_191 for Modelio 4.0.</p>
]]></description>
  <dependencies></dependencies>
  <contributors>
    <contributor name="JavaDesigner" version="3.9.04"/>
    <contributor name="ModelerModule" version="9.1.00"/>
  </contributors>
  <metamodels>
    <metamodel name="Infrastructure" version="2.1.03"/>
    <metamodel name="Standard" version="2.3.00"/>
  </metamodels>
  <roots>
    <root metaclass="Standard.Project" name="JDK" uuid="aade5386-cf67-4c16-bc27-ad690a1ecdec"/>
  </roots>
</ram-component>